https://www.jeju.go.kr/files/goodshop/8e45e221-ff55-4e5a-9b33-0ce1e9f80158.jpg,비자림길,제주시 구좌읍 비자림로 2682,0507-1375-5118,"['흑돼지정식 9,000', '우럭튀김정식 13,000', '갈치조림 中 45,000', '고등어조림 中 30,000원']"
https://www.jeju.go.kr/files/goodshop/b72f7895-c74d-4de2-9583-cb4dd6631c08.jpg,오동여,제주시 추자면 추자로 18,064-742-9086,"['생선모듬구이정식 15,000', '삼치회(탕) 30,000', '자연산회(탕) 30,000', '모듬해산물(소) 30,000', '모듬해산물(대) 50,000원']"
https://www.jeju.go.kr/files/goodshop/6a00a050-b4da-4148-9386-81db272d1ece.jpg,도원식당,제주시 동문로4길 9(일도일동),010-9515-6598,"['칼국수 7,500', '콩국수 7,500원']"
https://www.jeju.go.kr/files/goodshop/44acfa70-9f20-4ae1-add8-af0ab2679228.jpg,속초집,제주시 신산로 6(일도일동),064-752-2848,"['냉면 8,000', '쭈꾸미+칼국수+공기밥 9,000원']"
https://www.jeju.go.kr/files/goodshop/25612ecc-7db0-4b81-ad24-d411d2c204d1.jpg,동우네,제주시 연수로3길 23(일도이동),064-755-7482,"['순두부 5,500', '비빔밥 6,000', '동우네김밥 3,000원']"
https://www.jeju.go.kr/files/goodshop/295463c0-46ec-4503-be5c-612392124708.jpg,삼주손칼국수,제주시 천수로 56(일도이동),064-756-8892,"['해물칼국수 7,000', '닭칼국수 7,000', '삼주김밥 3,000원']"
https://www.jeju.go.kr/files/goodshop/628a13b2-0567-4a3c-82c0-4509c061e483.jpg,성춘식당,제주시 성지로 68(일도이동),064-753-0528,"['몸국 8,000', '국수 7,000', '국밥 7,000', '비빔밥 6,000', '순두부 6,000원']"
https://www.jeju.go.kr/files/goodshop/bd78bb61-154d-4e34-8381-5690863ea25f.jpg,남현순대,제주시 천수로 56(일도이동),064-751-3374,"['순대국밥 8,000', '몸국 8,000', '고기국수 8,000', '순대국수 7,000', '콩국수 8,000', '멸치국수 6,000원']"
https://www.jeju.go.kr/files/goodshop/c7fe74d1-97b5-4d3d-a46f-682b924c4a9f.jpg,용초밥,제주시 신선동길 19-1(일도이동),010-6724-8484,"['부시리초밥(10ps) 7,900', '용초밥 광어(2인분) 19,800', '용초밥 방어(2인분) 19,800원']"
https://www.jeju.go.kr/files/goodshop/946d3ed2-1a5b-4290-9619-4bb2773d5e30.jpg,명가돈까스,제주시 태성로2길 30-1(일도이동),064-711-0204,"['등심돈까스 8,000', '왕등심돈까스 10,000', '치킨까스 9,000', '치즈돈까스 10,000', '등심+치즈돈까스 10,000', '새우튀김(5개) 5,000원']"
https://www.jeju.go.kr/files/goodshop/1434380a-fc41-4a93-9ec8-766f491195c1.jpg,광주빛고을,"제주시 동광로5길 8, 1층(이도일동)",064-723-1533,"['아구찜(1인) 18,000', '아구찜(소) 28,000', '알내장찜(1인) 18,000', '알내장찜(소) 25,000', '알내장찜(중) 30,000원']"
https://www.jeju.go.kr/files/goodshop/9e9e79c2-cdfa-47e1-83cb-cb436729076a.jpg,도남오거리도남점,제주시 도남로6길 16(도남동),064-722-4844,"['김치찌개 5,000', '돼지양념갈비(360g) 14,000', '돼지생갈비(360g) 21,000원']"
https://www.jeju.go.kr/files/goodshop/29bdb45c-dc33-46f7-bb33-df11c29606ab.jpg,부지깽이,제주시 광양13길 11-2(이도이동),064-723-3522,"['활고등어회(대) 60,000', '활고등어회(소) 50,000', '고등어조림(대) 30,000', '고등어조림(소) 20,000', '활우럭조림(대) 50,000', '활우럭조림(소) 40,000원']"
https://www.jeju.go.kr/files/goodshop/e27082ac-d8e8-4e19-8743-47f8c258a013.bmp,광양왕소금깡통구이,제주시 광양13길 13(이도이동),064-755-9966,"['돌솥밥 6,000', '비빔밥 6,000', '된장찌개 6,000', '국수 7,000원']"
https://www.jeju.go.kr/files/goodshop/fbcaaa92-275e-430a-9081-8ae0243b1a99.jpg,효동각,제주시 동광로6길 31(이도이동),064-751-0089,"['짜장면 4,000', '짬뽕 5,000', '볶음밤 5,000원']"
https://www.jeju.go.kr/files/goodshop/89238960-d42f-45de-b92f-b84808a8b962.jpg,도남해돈가,제주시 신성로 61-1(도남동),064-753-8851,"['오겹살(320g) 15,500', '양념갈비(320g) 16,000', '냉면 6,000원']"
https://www.jeju.go.kr/files/goodshop/2c4f20a3-1f5d-4c00-a5e4-129d14763119.jpg,영춘식당,평전길 12,064-900-2770,"['갈비탕 9,000', '육개장 9,000', '몸국 9,000원']"
https://www.jeju.go.kr/files/goodshop/c3509b0c-6d09-42d7-9a0a-ce5291dd1da3.jpg,마중물삼계탕,제주시 서사로 62-2(삼도일동),064-702-8250,"['삼계탕 13,000', '닭곰탕 9,000원']"
https://www.jeju.go.kr/files/goodshop/2026cdb4-b682-447a-8701-a069f2c575b1.jpg,24시국수회관,제주시 남성로 122-1(삼도일동),064-702-1162,"['고기국수 8,000', '순대국밥 8,000원']"
https://www.jeju.go.kr/files/goodshop/5fc91c60-9030-45ad-8b4b-92f324337221.jpg,탐라가든,제주시 서사로 51(삼도이동),064-726-1300,"['돼지 생갈비(200g) 13,000', '돼지 양념갈비(230g) 11,000', '흑돼지(180g) 18,000', '냉면 7,000원']"
https://www.jeju.go.kr/files/goodshop/7a1f0aff-41ac-4336-a19a-6f6020d39f05.jpg,양반촌,제주시 서광로5길 29(용담일동),064-721-7185,"['주물럭 8,000', '김치찌개 8,000원']"
https://www.jeju.go.kr/files/goodshop/d6f5ac90-663a-41a9-9081-b9da8459b345.jpg,한라산도야지 남사골,제주시 서광로 3길 48(용담일동),064-751-0202,"['오겹살(200g) 12,000', '목살(200g) 12,000', '돼지고기 샤브샤브(200g) 12,000원']"
https://www.jeju.go.kr/files/goodshop/79c517e3-445d-4bc8-bada-f85576fefa91.jpg,넉둥베기고사리육개장,"제주시 서문로 9-1, 1층(용담일동)",064-743-2585,"['김치찌개 5,000', '돼지국밥 6,000원']"
https://www.jeju.go.kr/files/goodshop/570e63da-3234-4403-bb06-8466298dfd1b.jpg,용담생국수,제주시 용담로 95(용담이동),064-743-2503,"['몸국 8,000', '굴국밥 8,000원']"
https://www.jeju.go.kr/files/goodshop/23fee819-3cc6-46d0-89f3-158b09de0ff0.jpg,남도별미식당,제주시 흥운길 31(용담이동),064-742-0765,"['순두부 7,000', '해물된장찌개 8,000', '청국장 8,000', '매운갈비찜 10,000원']"
https://www.jeju.go.kr/files/goodshop/225d0960-756e-4183-9a91-60e6358118aa.jpg,만나아구찜,제주시 흥운길 31(용담이동),064-745-0230,"['오겹살(200g) 15,000', '동태찌개 8,000', '자리물회 10,000', '순두부 7,000', '순두부 7,000', '된장찌개 7,000', '자리물회 9,000원']"
https://www.jeju.go.kr/files/goodshop/bb68b992-59d4-4e26-970c-28b9f06f7a4e.jpg,인풍감자탕,제주시 만덕로 36(건입동),064-758-8414,"['뼈다귀탕 8,000', '육개장 8,000', '몸국 8,000원']"
https://www.jeju.go.kr/files/goodshop/635a8463-3ff4-4a65-8426-9b0b4494cbbc.jpg,해동이네,"제주시 임항로 242. 1층(건입동,금아빌라)",064-725-2007,"['내장탕 9,000', '해장국 8,000', '육개장 8,000', '곰탕 10,000원']"
https://www.jeju.go.kr/files/goodshop/24c34500-a645-49ba-b908-f9f1feb4d16a.jpg,내가 찾은 맛고을,제주시 진남로8길 39(화북일동),064-702-0216,"['삼계탕 10,000', '녹두삼계탕 12,000', '소머리국밥 7,000', '소머리전골 25,000', '묵은지오겹전골 25,000원']"
https://www.jeju.go.kr/files/goodshop/d74db863-ec1c-42b4-8000-0dcb31572b6e.jpg,일오삼가든,제주시 진남로8길 13(화북일동),064-723-0153,"['김치찌개 7,000', '된장찌개 7,000원']"
https://www.jeju.go.kr/files/goodshop/2da906ee-fb23-425f-b2ba-78585d58668a.jpg,서림칡냉면,진동로3길 34,064-756-2009,"['동태찌개 6,000', '냉면 7,000원']"
https://www.jeju.go.kr/files/goodshop/feb3f58b-ba3a-4839-ae81-ffbb4d629af3.jpg,행복맛집,제주시 진남로6길 32(화북일동),064-758-6788,"['수제순두부 8,000', '제주산고사리육개장 8,000', '동태탕 8,000', '알내장탕 8,000', '콩비지찌개 8,000원']"
https://www.jeju.go.kr/files/goodshop/166c890f-3978-4d5f-928d-6e7574aa5d74.jpg,후년하우스,제주시 삼봉로 12(삼양이동),064-759-9292/0507-1389-9292,"['흑돼지샤브샤브 13,000', '말고기(제주산)샤브샤브 14,000원']"
https://www.jeju.go.kr/files/goodshop/75879351-55d0-4d3b-9936-93c97c1b73cd.jpg,공주네국수,"제주시 삼봉로 353, 1층(봉개동)",064-722-4533,"['고기국수 8,000', '멸치국수 6,000', '물만두 5,000원']"
https://www.jeju.go.kr/files/goodshop/56ce7883-93f3-4987-a58c-30fc4bf32d0e.jpg,추가네,제주시 서사로 176(오라일동),064-723-7588,"['추어탕 7,000', '통추어탕 8,000원']"
https://www.jeju.go.kr/files/goodshop/2c9ec7a9-6ad3-4634-951c-4947b0b6ecce.bmp,마라톤식당,서광로2길 15,064-757-1945,"['김치찌개 7,000', '된장찌개 7,000', '만두국 7,000원']"
https://www.jeju.go.kr/files/goodshop/2ff59a66-a586-45ab-9a83-31c32ba4f543.bmp,현옥식당,제주시 서광로2길 35(오라일동),064-757-3439,"['정식 5,000', '만두국 6,000', '김치찌개 7,000', '된장찌개 7,000', '두루치기 8,000원']"
https://www.jeju.go.kr/files/goodshop/f85251fa-3281-42fa-ad4a-4083d50f8164.jpg,감나무집,제주시 오남로 12(오라일동),064-722-8292,"['차돌된장찌개 8,000', '차돌국밥 8,000', '흑돼지불고기정식 9,000원']"
https://www.jeju.go.kr/files/goodshop/2abb1590-1be3-4129-ae32-d04cebdb29e3.jpg,무진장오라점,제주시 서광로2길 11-9(오라일동),064-712-6881,"['메로머리지리 7,000', '한치물회 7,000', '자리물회 7,000', '회덮밥 7,000', '생선매운탕 7,000', '해물된장찌개 7,000원']"
https://www.jeju.go.kr/files/goodshop/00dcd517-4bc9-4a42-bf8b-dbad9a96b86a.jpg,또만나,"제주시 서광로2길 35, 1층(오라일동)",064-712-3478,"['소고기 콩나물비빔밥 7,000', '순두부찌개 7,000', '김치찌개 7,000', '만두국 7,000', '라면 3,000', '정식 8,000원']"
https://www.jeju.go.kr/files/goodshop/18177766-aae2-45c9-8e7d-d3eefc75d069.jpg,좀녀마을뚝배기,제주시 은남길 25(연동),064-745-3535,"['성게국 12,000', '순두부 6,000', '해물뚝배기 9,000원']"
https://www.jeju.go.kr/files/goodshop/3aedffea-9119-4d0f-9219-211fd00c7d7d.bmp,다해복국,제주시 문송1길 17(연동),064-749-9868,"['복해장국 9,000원']"
https://www.jeju.go.kr/files/goodshop/ae03e10d-01f7-4e5c-9abd-56de9b0c420c.png,깜돈흑돼지,제주시 삼무로3길 6(연동),064-712-9229,"['흑돼지오겹살(200g) 20,000', '김지찌개 6,000', '청국장 6,000', '김치찌개 6,000원']"
https://www.jeju.go.kr/files/goodshop/8c965ad4-53ae-40ee-8256-9fdf8750f9cf.jpg,재현이네갈비,제주시 선덕로 7(연동),064-711-5323,"['돼지갈비 14,000', '돼지살갈비 12,000', '생등갈비 14,000', '생오겹살 17.000원']"
https://www.jeju.go.kr/files/goodshop/8402834d-d99a-439b-9046-ec4ce5d2b070.jpg,승범이네집,제주시 월랑로 56-1(노형동),064-744-3538,"['생선지리 8,000', '어내장탕 8,000', '회덮밥 8,000', '매운탕 8,000', '조림(중) 30,000', '조림(대) 40,000원']"
https://www.jeju.go.kr/files/goodshop/980de4fe-b304-4542-a2cc-d3c528b10531.jpg,길벗식당,제주시 월광로 162(노형동),064-748-0848,"['오리구이(1마리) 54,000', '오겹살(200g) 14,000원']"
https://www.jeju.go.kr/files/goodshop/199b8143-685b-4a66-83a6-b6c30c7ef141.jpg,푸른바다회포차,제주시 수덕7길 47(노형동),064-746-8844,"['광어회 30,000', '돈까스 5,000원']"
https://www.jeju.go.kr/files/goodshop/849c79e6-310e-4fad-a700-4c2a19af2fa2.jpg,금순이네,"제주시 정존1길 31, 1층(노형동)",064-711-1114,"['흑돼지오겹(180g) 14,000', '흑돼지두루치기(250g) 9,000원']"
https://www.jeju.go.kr/files/goodshop/90ee2b7a-b4d1-4dba-85bd-1be0a2a440f1.bmp,이오리,제주시 도리로 53(이호일동),064-751-4905,"['정식 8,000', '오리탕 8,000원']"
https://www.jeju.go.kr/files/goodshop/68764a37-ddc9-404d-8294-baa4f3b0ccc6.jpg,테왁식당,제주시 서해안로 155(도두일동),064-742-4949,"['전복물회 10,000', '전복죽 10,000', '회덮밥 10,000', '고등어구이 10,000원']"
https://www.jeju.go.kr/files/goodshop/09840e5b-8575-4618-b0dc-813969b533a2.jpg,이애란헤어샵,제주시 고마로 58(일도이동),064-724-0090,"['커트 8,000', '파마 25,000원']"
https://www.jeju.go.kr/files/goodshop/2df9d8c8-0f52-4adb-9938-36becb2fe3f7.bmp,머리만지는 남자,독짓골6길 1,064-723-8501,"['커트 10,000', '펌 30,000원']"
https://www.jeju.go.kr/files/goodshop/1a5d17ec-e10b-442a-8707-1a220ad12969.jpg,아름다운 사람들(헤어),"제주시 중앙로 69, 2층(이도일동)",064-722-7741,"['컷트 10,000', '일반 펌 30,000', '매직 50,000', '염색 25,000', '노인우대 20,000원']"
https://www.jeju.go.kr/files/goodshop/51493c55-bced-4b07-b0cf-28bede0387ea.jpg,지혜미용실,제주시 서사로19길 5(삼도일동),064-757-8525,"['커트 12,000', '염색 25,000원']"
https://www.jeju.go.kr/files/goodshop/5bb67ee2-e382-4a19-a79a-5c1fce30f2a3.jpg,남문이용원,제주시 남성로 125(삼도일동),064-757-5935,"['일반컷트 10,000', '학생컷트 7,000', '염색 13,000', '컷트+염색 23,000원']"
https://www.jeju.go.kr/files/goodshop/c13cd858-8d95-4671-8a07-f2136721c925.jpg,행복한머리방,제주시 서광로3길 42(용담일동),064-758-8799,"['컷트(성인) 5,000', '컷트(학생) 4,000', '펌(60세이상, 염색약 별도) 15,000', '매직(단발기준) 30,000원']"
https://www.jeju.go.kr/files/goodshop/e11e5ded-1cf2-44f0-b1c9-af8f46320e3d.jpg,정다운미용샵,제주시 진남로6길 36-1(화북일동),064-784-5667,"['파마 20,000', '커트 10,000', '업스타일 30,000', '염색 20,000원']"
https://www.jeju.go.kr/files/goodshop/683fbb1f-c3db-4c5a-865a-b3e99e55817b.jpg,머리하기좋은날,제주시 신대로6길 11(연동),064-713-6667,"['커트(샴푸미포함) 8,000', '염색+커트 25,000', '파마+커트 25,000', '헤어트리트먼트 10,000원']"
https://www.jeju.go.kr/files/goodshop/566bbd0e-f063-44d3-8f4e-b720bd5531fb.jpg,라영헤어숍,제주시 다랑곶4길 18(노형동),064-744-3340,"['컷트 10,000', '컷트+샴푸 13,000', '염색 25,000원~35,000원']"
https://www.jeju.go.kr/files/goodshop/5a18f09f-49c8-4047-878b-0ee541d65b64.jpg,바다풍경펜션,제주시 애월읍 애월해안로 923,070-4364-9466,"['202호, 302호 40,000', '203호 50,000', '101호 70,000', '301호, 303호 50,000원']"
https://www.jeju.go.kr/files/goodshop/79851f13-4aa7-4d74-a4b7-ae3a782c6a33.jpg,시드니호텔,제주시 애월읍 애월해안로 943,010-9716-5432,"['스탠다드더블 40,000', '한식온돌 50,000', '디럭스트윈 50,000', '디럭스트리플 50,000원']"
https://www.jeju.go.kr/files/goodshop/8c73633f-867c-4f97-a0fd-71c1c6b7b94a.jpg,봉골레하우스,제주시 추자면 추자로 94-1,064-744-2332,"['숙박(1박 1인) 40,000', '숙박(식사포함, 1박 1인) 50,000원']"
https://www.jeju.go.kr/files/goodshop/fa17eeb1-9575-43d3-a226-2efe192e9afb.jpg,진영세탁소,제주시 오복4길 9(이도이동),064-724-1629,"['양복 상의 4,000', '양복 하의 4,000원']"
https://www.jeju.go.kr/files/goodshop/7763a20f-4c64-43af-8309-15f4da40798b.png,사계오름,제주시 복지로3길 2-9(도남동),064)724-1162,"['정식(2인이상) 7,000', '순두부찌개 6,000원']"
https://www.jeju.go.kr/files/goodshop/70a43726-467f-409e-9ea4-4a54b2c8c859.jpg,블랙데이,"제주시 만덕로 23-2, 1층(건입동)",064)758-3286,"['자장면 4,000', '짬뽕 6,000', '볶음밥 6,000원']"
https://www.jeju.go.kr/files/goodshop/37c624bb-5354-4314-918f-58824ea8d7da.jpg,조약돌,제주시 임항로 255(건입동),064)757-7884,"['갈비정식 9,000', '파불고기 9,000', '수육 9,000원']"
https://www.jeju.go.kr/files/goodshop/0d4f5f59-9d57-4341-8998-ac0f39159e5c.png,오솔길,제주시 임항로 264(건입동),010-7440-8621,"['백돼지오겹살 12,000', '항정살 13,000', '목살 12,000원']"
https://www.jeju.go.kr/files/goodshop/ab0443ed-c45b-499f-ad79-d33711541776.jpg,해바라기,서귀포시 남원읍 한신로 280,064-764-9909,"['두루치기 8,000', '김치찌개 8,000', '족탕 8,000', '콩국수(계절) 8,000원']"
https://www.jeju.go.kr/files/goodshop/db74463d-0f07-41c5-b3f8-c7fe6af39934.jpg,고성장터국밥,서귀포시 성산읍 고성동서로45번길 19,064-783-3233,"['몸국 7,000', '국밥 7,000', '고기국수 7,000원']"
https://www.jeju.go.kr/files/goodshop/0e725aac-04c1-445c-b7e5-14213125e0a2.jpg,백년손님,서귀포시 성산읍 금백조로 114,064-783-3456,"['국밥 8,000', '고기국수 7,000', '멸치국수 6,000원']"
https://www.jeju.go.kr/files/goodshop/5f4ca227-2e8b-473b-8dba-e40a45cd6962.jpg,생원전복,서귀포시 안덕면 산방로 7,064-792-2109,"['돈샤브샤브 13,000', '성게비빔밥 20,000원']"
https://www.jeju.go.kr/files/goodshop/d04882bf-16d0-4e1e-91ed-884c720455d5.jpg,한아름식당,서귀포시 표선면 세성로 265,064-787-5403,"['돼지고기 12,000원']"
https://www.jeju.go.kr/files/goodshop/86623f59-727d-4c75-8107-a43e60fcc5e5.bmp,새서울두루치기,서귀포시 태평로 406(서귀동),064-732-4211,"['흑돼지두루치기 7,000', '낙지두루치기 7,000원']"
https://www.jeju.go.kr/files/goodshop/bda0e3f9-551e-4855-bd9f-95d0d16bff78.jpg,한동네,서귀포시 동부로 4(서귀동),064-732-4573,"['성게보말국 12,000', '비빔국수 6,000원']"
https://www.jeju.go.kr/files/goodshop/c2d0446b-a06f-4d6f-ba76-d36441340167.jpg,뽕뽕식당,중앙로42번길 33,064-733-6639,"['칼국수 5,000', '냉면 7,000', '된장찌개 6,000원']"
https://www.jeju.go.kr/files/goodshop/f158324e-52bb-440b-90a2-e4939e089179.bmp,바당국수,서귀포시 동문동로 21-1(서귀동),064-733-9259,"['멸치국수 7,000', '비빔국수 8,000원']"
https://www.jeju.go.kr/files/goodshop/cceb126b-066b-41df-aec2-089738cec9b7.bmp,옛날어전,서귀포시 동문동로 31(서귀동),064-733-2333,"['참치회덮밥 8,000', '소머리국밥 8,000', '참치회 60,000원']"
https://www.jeju.go.kr/files/goodshop/dd1cf944-9736-4109-8102-64b5c8b7d688.jpg,신영식당,서귀포시 중앙로71번길 4(서귀동),064-763-3022,"['된장찌개 7,000', '순두부 7,000원']"
https://www.jeju.go.kr/files/goodshop/89f4fe10-3bdc-4445-a7ef-a753014e5004.bmp,대광장식당,서귀포시 중앙로 79(서귀동),064-762-9233,"['김치된장찌개 6,000', '순두부 5,000', '만두 5,000', '냉면 8,000원']"
https://www.jeju.go.kr/files/goodshop/f8a34cee-77ea-4b80-8557-c34c99ca0f2d.jpg,성광식당,서귀포시 일주동로 8184(신효동),064-767-4110,"['순대국 6,000', '내장탕 6,000', '순두부 6,000원']"
https://www.jeju.go.kr/files/goodshop/0353ef89-04cd-42d3-a97f-a950fc0180f5.jpg,영춘반점,서귀포시 중앙로 154(동홍동),0507-1420-5156,"['짜장면 5,000', '짬뽕 7,000원']"
https://www.jeju.go.kr/files/goodshop/65c22c59-2147-4a49-8805-54ec8e8def6d.bmp,김대감숯불갈비,동홍중앙로 67 (김대감),064-763-2777,"['양념갈비 13,000', '생갈비 16,000원']"
https://www.jeju.go.kr/files/goodshop/52c51629-a1b3-4c24-a4ac-fe0bc664b3fb.bmp,맛있는집,서귀포시 중앙로 110(동홍동),064-763-3760,"['비빔밥 7,000', '순두부 7,000원']"
https://www.jeju.go.kr/files/goodshop/377415cf-96d7-482b-b304-6aa292738210.bmp,둠비정원,서귀포시 신중로13번길 20(강정동),064-739-7787,"['비지탕 8,000', '해물순두부 8,000', '콩국수 8,000원']"
https://www.jeju.go.kr/files/goodshop/eca686f9-45f5-4b0d-acb2-b019c0081846.jpg,줄서서먹는짜장,서귀포시 일주동로 9213(법환동),064-738-6465,"['환경짜장 5,000', '짬뽕 7,000원']"
https://www.jeju.go.kr/files/goodshop/aafcb027-9879-432a-be38-06a22a6674ef.jpg,소리헤어샵,서귀포시 중앙로4번길 4(서귀동),064-762-0806,"['일반펌 30,000', '염색 30,000원']"
https://www.jeju.go.kr/files/goodshop/259efd13-c2a0-4d87-bff3-0df343588150.jpg,영미용실,서귀포시 이중섭로 5-7(서귀동),064-762-8043,"['커트 10,000', '파마 30,000', '올림머리 30,000', '세트파마 50,000원']"
https://www.jeju.go.kr/files/goodshop/d49280a0-0abd-46ee-9701-b77e7ca6f6fc.bmp,영천이용원,516로 462 (하영하영),064-732-7683,"['커트 13,000', '이발 17,000원']"
https://www.jeju.go.kr/files/goodshop/be33943b-d3f7-49de-aab2-6d637f7fe15c.jpg,아름다운풍경미용실,서귀포시 흙담솔로 20(서홍동),064-732-8858,"['커트 10,000', '파마 30,000', '염색 30,000원']"
https://www.jeju.go.kr/files/goodshop/dacf3675-b308-4164-b134-bf4ce90f5885.bmp,웰빙이용원,천제연로188번길 6-6,064-738-6444,"['커트 12,000~15,000', '염색 15,000', '면도 12,000원']"
https://www.jeju.go.kr/files/goodshop/14ab329f-2330-4ab9-951e-30753227cbf1.bmp,장원민박,서귀포시 천제연로 49(색달동),064-738-1110,"['숙박(8평) 25,000', '숙박(10평) 30,000원']"
https://www.jeju.go.kr/files/goodshop/10ceb0b5-d068-41df-8c99-a7e38df79c08.bmp,스피드세탁소,서귀포시 남원읍 태위로 657(남원리),064-764-4071,"['양복1벌 8,000', '이불(겨울용) 10,000원']"
https://www.jeju.go.kr/files/goodshop/4369159e-1629-4ad8-b93f-06e7a8f844ce.jpg,화순새마을목욕탕,서귀포시 안덕면 화순중앙로 76,"064-710-8884, 010-4136-8884","['목욕(성인) 5,000', '목욕(어린이) 2,000원']"
https://www.jeju.go.kr/files/goodshop/463bcec4-f4c2-4f8f-b0ab-8b7b76b5847a.png,윤경미용실,서귀포시 중정로 91번길 53-1,064-762-1954,"['커트 10,000', '펌(기본) 25,000원']"
https://www.jeju.go.kr/files/goodshop/e136b317-a76f-43a3-83e7-c881b3e3600a.png,금복식당,중앙로48번길 18,064-762-2243,"['비빔밥 3,000원']"
https://www.jeju.go.kr/files/goodshop/8b9becc7-e7e3-480d-a862-f45e426cc57d.jpg,오일장왕십리식당,서귀포시 토평서로11번길 150,064-733-0105,"['고기국밥 7,000', '순대국밥 7,000원']"
https://www.jeju.go.kr/files/goodshop/4eb9a2ea-4c67-4e45-9a9b-813300a60f27.jpg,일번지식당,서귀포시 토평서로11번길 150,064-733-0686,"['정식 6,000', '순대국밥 7,000원']"
https://www.jeju.go.kr/files/goodshop/98d86eed-b4cd-43b2-bce8-c1c2ea1adb77.jpg,대복해장국,구좌읍 김녕로 132,064-783-5359,"['고사리육개장 9,000', '순대국 8,000원']"
https://www.jeju.go.kr/files/goodshop/7b187219-a4e3-4ebf-bc1f-72c40124452b.jpg,신미국밥,구좌읍 김녕로 108,064-784-9995,"['순대국밥 9,000', '순대내장국 9,000', '뼈해장국 9,000', '해물순두부 9,000', '한치물회 12,000원']"
https://www.jeju.go.kr/files/goodshop/cb746637-b0da-451b-a4f1-7c3462ac8907.jpg,우리두리,구좌읍 김녕로 173,064-782-5442,"['정식 7,000', '우럭정식 12,000', '활우럭조림 15,000원']"
https://www.jeju.go.kr/files/goodshop/b4780c50-7247-42be-91f3-574e421c01a8.png,소라횟집,구좌읍 해맞이해안로 1240-3,064-784-3545,"['매운탕 13,000', '조림 13,000원']"
https://www.jeju.go.kr/files/goodshop/1f81f649-0eb5-4248-a415-07570e63c21f.png,김녕빵집,구좌읍 김녕로1길 25 (김녕드림타운),010-5793-8145,"['누룽지치아바타 2,500', '크로아상 3,100원']"
https://www.jeju.go.kr/files/goodshop/bd801d28-1128-469a-a081-0ae33495e850.png,숨어있는집 함덕펜션,조천읍 함덕30길 14-5,064-782-1579,"['손반죽해물칼국수 9,000', '오빠가튀긴바삭닭 20,000', '오빠가튀긴똥집튀김 12,000', '감자튀김 12,000원']"
https://www.jeju.go.kr/files/goodshop/68731ca3-9133-451b-ac32-7beb355dce9b.png,선이네밥집,조천읍 신북로 262 (조천리사무소),064-727-3450,"['한식 9,000', '흑돼지불고기정식 9,000원']"
https://www.jeju.go.kr/files/goodshop/fd015817-4e55-436f-b221-34a3f95b9869.png,몰돗,조천읍 함대로 2,064-783-1313,"['말스페셜코스 27,000', '말코스 23,000', '말사시미 9,900원']"
https://www.jeju.go.kr/files/goodshop/c32e4ed5-c1af-48e0-8e89-90e820c8907a.jpg,함덕우동집,조천읍 함덕6길 39 (함덕 천마에코피아),064-782-0406,"['옛날우동 6,000', '냉우동 6,500', '김치어묵우동 7,000원']"
https://www.jeju.go.kr/files/goodshop/1faa7053-92ac-46b5-b3b8-cc3757e52230.png,제라진밥상,조천읍 함와로 4,064-784-8858,"['성인아침 7,900', '성인점심 8,900', '어린이아침 4,900', '어린이점심 5,900원']"
https://www.jeju.go.kr/files/goodshop/7f331553-41dc-49ee-b721-020eb9252103.png,동카름,조천읍 신촌9길 40-3,064-784-6939,"['낙지볶음(소) 23,000', '낙지볶음(중) 33,000', '낙지볶음(대) 44,000원']"
https://www.jeju.go.kr/files/goodshop/c3e207cb-f757-4618-92e2-55d65d0c45d5.png,옛날통닭닭치고족치고,조천읍 함와로 54,064-784-1752,"['옛날통닭 10,000', '후라이드 13,000', '양념치킨 14,000원']"
https://www.jeju.go.kr/files/goodshop/626319fc-20dd-42ef-922f-80f747df5b40.png,토닥토닥,관덕로15길 7,064-702-9219,"['우동 5,000', '흑돼지안심(돈가스) 7,000', '흑돼지등심(돈가스) 8,000원']"
https://www.jeju.go.kr/files/goodshop/d7886de1-df0f-4874-afea-ab4c66431395.png,동광생오리집,태성로2길 32,064-752-1129,"['동광생오리(한마리) 54,000', '동광생오리(반마리) 28,000원']"
https://www.jeju.go.kr/files/goodshop/99fb1e65-1a34-4a77-874c-0178de1b527a.png,백년귤화다,중앙로11길 1,064-900-9600,"['감귤주스 3,000', '귤피차 3,000', '풋귤주스 4,000원']"
https://www.jeju.go.kr/files/goodshop/b32b516a-66dc-414d-a180-80489b574ee2.png,이경민헤어스토리,중앙로 247,064-723-2234,"['일반컷트 10,000', '염색(뿌리염색) 28,000원']"
https://www.jeju.go.kr/files/goodshop/84c739e8-5044-429a-bd4c-b63e07ffffe3.png,왕왕순대국밥몸국,무근성7길 20,0507-1424-2283,"['순대국밥 6,000', '몸국 6,000원']"
https://www.jeju.go.kr/files/goodshop/52830e14-3fb6-408a-ba53-01394831c8de.png,시민명가,남성로26길 46,064-702-0782,"['동태탕 7,000', '동태내장탕 8,000원']"
https://www.jeju.go.kr/files/goodshop/7d9cd5ab-87be-4599-aa65-bbcefab78f2b.png,진이칼국수,남성로 154,064-724-5525,"['보리밥+칼국수 8,000', '보리밥+칼만두 8,000원']"
https://www.jeju.go.kr/files/goodshop/c77e6196-6e30-4c0e-9fdd-b21b6588f628.png,송림반점,관덕로 2-1,064-722-4229,"['짜장면 5,000', '짬뽕 6,000', '간짜장 6,000원']"
https://www.jeju.go.kr/files/goodshop/b0a7c3cb-ab27-4948-abd9-91deaf227fea.png,김희선제주몸국,어영길 45-6,064-745-0047,"['몸국 9,000', '고사리육개장 9,000', '성게미역국 12,000', '고등어구이 12,000원']"
https://www.jeju.go.kr/files/goodshop/be569e6f-efa5-45f0-b15c-bb840ea83369.png,삼복당,서문로 66,064-752-2475,"['쨈빵 900', '단팥빵 900', '크림빵 900', '메론빵 900', '사라다빵 2,000', '맘모스 2,700원']"
https://www.jeju.go.kr/files/goodshop/940096d4-2ede-421b-8ba1-8d29b8f10021.png,청풍국수,진남로6길 40,064-726-1484,"['고기국수 8,000', '멸치국수 7,000원']"
https://www.jeju.go.kr/files/goodshop/a4aef4f5-e4f8-4ea7-89b3-6a7b1e6ddeca.png,순대일번지,진남로8길 23,064-723-0323,"['순대국밥 8,000', '고기국수 8,000원']"
https://www.jeju.go.kr/files/goodshop/4ed74d3a-2515-4cca-8990-d07bb0eb6ff6.png,주먹밥이야기,진동로3길 23,064-755-8294,"['주먹밥 3,000', '컵밥 5,000', '떡볶이 4,500원']"
https://www.jeju.go.kr/files/goodshop/f42f1edf-4e6b-4f1f-87f6-3fe025b69df2.png,독도는우리땅,은남길 30,064-749-9987,"['고등어 구이 12,000', '조기매운탕 12,000', '가정식백반 9,000', '고등어조림 10,000원']"
https://www.jeju.go.kr/files/goodshop/fbc5a123-beb1-43de-9f1e-7562537b4d8d.png,서울이용원,신광로 22,064-745-1593,"['이발 15,000', '염색 15,000원']"
https://www.jeju.go.kr/files/goodshop/4168322b-f8c5-4127-8784-a918b5e8dcac.png,보이앤맨,원노형로 22,064-747-8738,"['남성(성인)컷트 8,000', '청소년컷트 7,000', '염색 20,000원']"
https://www.jeju.go.kr/files/goodshop/4ba4f1e3-c4ec-44fd-a7c4-78bf6b2d9ed6.png,산바다가든,대정읍 신영로 103-1,064-794-0254,"['순두부찌개 8,000', '된장찌개 8,000원']"
https://www.jeju.go.kr/files/goodshop/59c2b9d6-2852-4187-a30d-0cc1966fc5e8.png,새물국수,안덕면 화순해안로 63 (황금미락),010-6389-0610,"['멸치국수 7,000', '돔베고기(대) 15,000', '돔베고기(소) 8,000원']"
https://www.jeju.go.kr/files/goodshop/81486c20-b21f-4be7-b134-ad09e6a6430a.png,소천지,칠십리로485번길 2,064-733-5403,"['돈까스 9,000', '두루치기 8,000', '고기국수 7,000원']"
https://www.jeju.go.kr/files/goodshop/570eba9a-0458-4ef6-b883-f814d5d83b17.png,바다해호텔,천지연로 3-1,064-762-5300,"['더블(일반) 45,000', '더블(오션) 50,000', '트윈 50,000원']"
https://www.jeju.go.kr/files/goodshop/4483a6f8-d4aa-40cf-ae7a-5295864d73ea.png,제주면옥,일주동로 8697,064-732-3252,"['만두백반 7,000', '만두 7,000', '떡만둣국 7,000원']"
https://www.jeju.go.kr/files/goodshop/d066d05c-43fc-437a-a947-bbc4ce48812f.jpeg,밥의정석,중앙로 198-26,070-8900-0507,"['소갈비살양념구이정식 13,000', '흑돼지고추장양념구이정식 10,000', '소고기된장찌개 7,000', '해물된장찌개 7,000원']"
https://www.jeju.go.kr/files/goodshop/a9174efb-dee9-446a-86c7-0813ad7f7555.png,서울불고기,동홍중앙로 17 (그린생활마트),064-763-6555,"['서울불고기 9,900', '소고기육개장 6,000원']"
https://www.jeju.go.kr/files/goodshop/08146e57-2863-4083-bf40-0b4865067ee3.png,제주제일밀면,중앙로150번길 23,064-762-2789,"['밀면 7,000', '비빔면 7,000원']"
https://www.jeju.go.kr/files/goodshop/1bc339b5-c493-4c69-a402-d3119656c2de.jpg,중화요리궁,서문로 30 (조마루),064-763-2280,"['짜장면 5,000', '해물우동 7,000원']"
https://www.jeju.go.kr/files/goodshop/f5692ab6-3de9-4ec8-b76e-95203625689c.png,신선국수,강정하로 102,064-739-2590,"['비빔국수 7,000', '수육 10,000원']"
https://www.jeju.go.kr/files/goodshop/5ec7f86e-e941-44be-a51d-082668119d3a.png,미미가헤어샵,신서로48번길 49,064-739-1238,"['학생컷트 7,000', '성인컷트 10,000', '파마 30,000', '염색 30,000원']"
https://www.jeju.go.kr/files/goodshop/d9e3a7a8-cc55-47f5-bec3-26525367cca0.png,초롱민박,성산읍 한도로242번길 10-19 (초롱민박),010-3691-4580,"['2인객실 30,000', '3인객실 40,000', '4인객실 50,000', '5인객실 60,000원']"
https://www.jeju.go.kr/files/goodshop/c059f1c4-cb6b-4aa5-84fe-9c1af8705ae4.png,성산일출콘도민박,성산읍 성산중앙로 34,064-784-3125,"['객실 1인 30,000', '객실 2인 40,000', '객실 3인 50,000원']"
https://www.jeju.go.kr/files/goodshop/5b150f19-e6c8-4fe7-9679-477ddefbc170.png,삼화이용원,솜반천로 14-1,064-732-1044,"['컷트 14,000', '염색 12,000원']"
https://www.jeju.go.kr/files/goodshop/2529bbd9-8aff-4621-883d-b05cd87fca71.png,제주에코스위츠,중문상로 207-13,064-738-9975,"['*조식 포함 디럭스 스위트룸(평일 비수기, 20평) 89,000', '디럭스 스위트룸(주말 비수기. 20평) 105,000', '자쿠지 스위트룸(평일 비수기, 20평) 99,000', '자쿠지 스위트룸(주말 비수기, 20평) 115,000원']"
https://www.jeju.go.kr/files/goodshop/246bfb19-861e-4748-9390-1de49dc8a5e1.png,시드니호텔2,애월읍 애월해안로 945,0507-1429-6688,"['디럭스더블 40,000', '파노라마트윈 55,000', '패밀리트윈 65,000원']"
https://www.jeju.go.kr/files/goodshop/633d5633-3f38-4419-95cb-63bfdc65212c.png,면사무소,애월읍 애월해안로 494,0507-1332-1402,"['장칼국수 11,000', '부추전 11,000원']"
https://www.jeju.go.kr/files/goodshop/cbbfc8ca-41ac-4290-b448-9adc8a71dbf8.png,신해바라기제2호점,신산로 67 (신 해바리기 하우스),064-702-2324,"['국수 5,000', '비빔국수 5,000원']"
https://www.jeju.go.kr/files/goodshop/537efcf3-9903-466c-bf79-16a5716987ee.png,애진,신성로10길 1,064-757-9800,"['생오겹살(200g) 13,000', '생목살(200g) 13,000', '한우등심(180g) 29,000원']"
https://www.jeju.go.kr/files/goodshop/a6072db9-ca12-45ad-9642-e487664df2a8.png,번영가든,번영로 553,064-722-1604,"['볶음밥 8,000', '김치찌개 8,000', '깐풍치킨 8,000', '데리야끼치킨 8,000', '뷔페 9,000원']"
https://www.jeju.go.kr/files/goodshop/6685ecdb-fc62-483b-a592-426a1fbf21cb.png,남이헤어샵,조천읍 신북로 229,064-782-8288,"['헤어컷 10,000원~15,000', '드라이 10,000원~15,000', '파마 20,000원~']"
https://www.jeju.go.kr/files/goodshop/afe98979-5349-45d0-80d6-c59609d0acfa.png,금악 똣똣라면,한림읍 금악로 18,010-7120-8253,"['똣똣라면 6,500', '똣똣라면(순한맛) 6,500원']"
https://www.jeju.go.kr/files/goodshop/d0fafa14-4b00-481b-ab65-2f9c549eff79.png,현대미용실,애월읍 애월로 101,010-4794-5603,"['커트+드라이 7,000', '파마 25,000', '염색 20,000원']"
https://www.jeju.go.kr/files/goodshop/ffd74b82-d381-49de-9ae5-5bb7006f0a58.png,오렌지헤어샵,조천읍 함덕남12길 20,064-782-0398,"['파마 30,000', '염색 25,000원']"
https://www.jeju.go.kr/files/goodshop/3694b029-3ebb-4a60-acd7-1c407bc94236.png,옥이이모,조천읍 신북로 86 (라 스위트),0507-1465-4260,"['된장찌개+비빔밥 8,000', '순대국 + 비빔밥 8,000원']"
https://www.jeju.go.kr/files/goodshop/f739d7a1-b82b-4875-9bd3-270f898afa34.png,신촌미용실,조천읍 신촌5길 24,064-784-9656,"['커트 7,000', '일반펌 20,000', '염색 25,000원']"
https://www.jeju.go.kr/files/goodshop/eb8dbe3d-fb81-4f07-91b2-cc6248aaf754.png,이경화미용실,신성로 27,064)721-3577,"['커트 7,000~8,000', '드라이 7,000', '펌(기본) 25,000원']"
https://www.jeju.go.kr/files/goodshop/0bdfe4b6-35c0-4cd7-8ef9-52d5e9270d71.png,쏠레일베이커리카페,번영로 508,064)900-2016,"['아메리카노 2,500', '아이스 아메리카노 2,800', '해피쏠레일 2,500원']"
https://www.jeju.go.kr/files/goodshop/b5f7b573-a6d1-405b-92f2-25f68839225e.png,헤어스타일미용실,비월길 7,064)744-2204,"['커트 13,000', '염색 20,000', '열펌 40,000원']"
https://www.jeju.go.kr/files/goodshop/90f35a06-6f79-4a40-8fd7-da966af7f03f.png,해안정육식당,노형로 22,064-749-8879,"['해안정식 8,000', '한우소불뚝배기 10,000', '한우떡갈비 5,000원']"
https://www.jeju.go.kr/files/goodshop/e4191105-08ec-4601-a1c4-b53246a3f7e6.png,코코헤어샵,월랑로10길 29-1,064-746-0050,"['커트 10,000~15,000', '펌 35,000~40,000원']"
https://www.jeju.go.kr/files/goodshop/29cc71fe-22f9-4a5d-b27f-dca5104397df.jpg,요메기섬현재식당,도두항길 10,070-7778-3356,"['활우럭매운탕 12,000', '성게미역국 12,000', '전복죽 12,000원']"
https://www.jeju.go.kr/files/goodshop/e7e5cf30-5322-4de9-9e5a-3c502703eabb.png,인순이미용실,대정읍 상모로 323 (인순이미용실),064-794-3123,"['커트13,000', '파마 25,000~40,000', '드라이 5,000원']"
https://www.jeju.go.kr/files/goodshop/8a6dc06e-db25-4c79-9d82-f314d75137d7.png,돈하르방,명동로 33,064-733-0786,"['흑돼지근고기 39,000', '연탄석쇠불고기 11,000원']"
https://www.jeju.go.kr/files/goodshop/e59bbc84-a5c5-440b-9a16-cc40acb10b31.png,영미헤어라인,중앙로48번길 8-1 (동아전자),064-762-5458,"['커트 10,000', '드라이 7,000', '파마 35,000원']"
https://www.jeju.go.kr/files/goodshop/9ec476b3-52c3-471d-a3fd-56eb8c5712d6.png,바당어죽,동문동로 32,064-733-7373,"['메로지리(탕), 생선매운탕 8,000', '어죽 8,000', '참치회 15,000원']"
https://www.jeju.go.kr/files/goodshop/5c0beba4-d4a4-4102-b8db-ab1dbf1d41ef.png,오규동,솜반천로14번길 3,064-733-0590,"['규동 5,900', '부타동 5,900', '김치동 5,900원']"
https://www.jeju.go.kr/files/goodshop/33669b2c-e270-40e7-85b7-f8f7b200eaca.png,얼큰이공주칼국수,서호중로 82,064-739-6688,"['얼큰이칼국수 7,000', '서리태칼국수 8,000', '쭈꾸미볶음 9,000원']"
https://www.jeju.go.kr/files/goodshop/07ff25b6-0e3b-448d-9002-a4bcbe0f0632.png,앵콜열무냉면,호근북로 1-1,010-4909-1574,"['냉면 7,000', '만두 4,000원']"
https://www.jeju.go.kr/files/goodshop/7e3b2eed-6225-49de-b0a9-38eb8445f290.png,하노이식당,서호중로 84,064-738-1985,"['하노이쌀국수 9,500', '분짜 13,000원']"
https://www.jeju.go.kr/files/goodshop/7522dc0d-3abb-4c8e-9a74-25cb011fa759.png,꿀맛,막숙포로 95,010-3256-1206,"['아메리카노 2,000', '에이드 5,000원']"
https://www.jeju.go.kr/files/goodshop/31540f68-f266-41e9-8cd6-25d5eb97bfdd.png,영림흑돼지가든,한림읍 한수풀로 30,064-796-6956,"['양념갈비(350g) 15,000', '가브리살(200g) 17,000원']"
https://www.jeju.go.kr/files/goodshop/12859c9f-b986-4888-bcf0-03bb128fbf1d.png,교래퐁낭,조천읍 남조로 1773,064-782-9699,"['쌈정식 14,000', '돈가스 10,000원']"
https://www.jeju.go.kr/files/goodshop/65b92085-eefe-42ed-b71e-a7f190dedbd9.png,제주골목국수,신성로 42-1,064-722-0136,"['멸치국수 5,000', '고기국수 7,000원']"
https://www.jeju.go.kr/files/goodshop/a00d02f1-ab1c-45f7-aa45-1dda3eb73cae.png,유별난 수제돈까스,정원로 41,064-713-7375,"['생돈까스 7,000', '해물볶음밥 7,000원']"
https://www.jeju.go.kr/files/goodshop/e0f1ee8b-857e-4874-af45-49f4eba346a3.png,푸동,원노형2길 22 (금운주택),064-711-4080,"['짜장면 4,000', '짬뽕 5,000원']"
https://www.jeju.go.kr/files/goodshop/aae894e0-cbde-4cc3-bdef-9fdd65f5488e.png,만강촌옛날칼국수,월랑로 42,064-744-4780,"['닭칼국수 6,900', '닭곰탕 6,900', '왕만두 한접시(5개) 6,900원']"
https://www.jeju.go.kr/files/goodshop/f9534cd5-0360-441b-bbf2-8b9fe666bb18.jpg,귀빈반점,정원로 53-1,064-749-3080,"['짜장면 5,000', '짬뽕 6,000원']"
https://www.jeju.go.kr/files/goodshop/4c1c6f65-3c54-4e62-a681-4b37999ea339.png,돈야탑촌본점,우정로18길 7,070-7803-9292,"['양념갈매기(200g) 14,000', '매콤갈매기(200g) 14,000', '마늘갈매기(200g) 15,000', '머리뒷고기(200g) 15,000', '머리항정(200g) 15,000', '덜미살(200g) 15,000원']"
https://www.jeju.go.kr/files/goodshop/41c5fa0d-d5c0-47aa-8184-b30c87073443.png,제주주민센터,무근성길 46,064-725-0030,"['차돌된장찌개 8,000', '돈한마리몸국 8,000', '돼지국밥 7,000원']"
https://www.jeju.go.kr/files/goodshop/c7be9a80-cafc-4367-9dc6-4e1030a8ff81.png,일호생구이,용문로 146,064-711-4026,"['김치찌개 6,000', '된장찌개 6,000', '청국장 6,000원']"
https://www.jeju.go.kr/files/goodshop/532a44cb-01e1-49db-a87f-1225a2dcb1b3.png,화북코끼리식당,진동로5길 34,064-756-7854,"['동태탕(뚝배기) 8,000', '동태탕(소) 25,000', '동태탕(대) 35,000', '닭볶음탕(뚝배기) 8,000', '닭볶음탕(소) 25,000', '닭볶음탕(대) 35,000원']"
https://www.jeju.go.kr/files/goodshop/6264f070-93f2-46d2-861d-909edcdd8299.png,또옵서,번영로 459,064-794-0051,"['된장찌개 6,000', '김치찌개 8,000', '동태찌개 7,000원']"
https://www.jeju.go.kr/files/goodshop/042a6f6e-750b-4463-967b-9a76e3711578.png,오양손칼국수,공설로9길 1,064-723-3367,"['비빔국수 8,000', '오양칼국수 7,000원']"
https://www.jeju.go.kr/files/goodshop/61906615-9f88-4fd8-b371-b8d516aa2b97.png,꿀봉,한림읍 금악로1길 3,064-796-0911,"['꿀봉강정1인분(200g) 6,500', '허니치즈맛1인분(180g) 6,500', '커민칠리 맛1인분(180g) 6,500', '세가지맛셋트3인분(180g*3종) 18,000원']"
https://www.jeju.go.kr/files/goodshop/ee1ebe25-0b57-4e27-a726-df3457129a82.png,강김밥집,애월읍 하귀9길 2,064-711-5096,"['강김밥 2,500', '참치김밥 3,500', '진미김밥 3,500', '멸치국수 5,000', '비빔국수 6,000원']"
https://www.jeju.go.kr/files/goodshop/40b52a75-2886-4567-a528-eebe8312dd56.png,하이한담,고마로9길 20-1,064-799-1352,"['한담김밥 2,500', '어묵김밥 2,500', '매운어묵김밥 2,500원']"
https://www.jeju.go.kr/files/goodshop/a267d96d-b838-49d3-86fd-5741de23f761.png,왕서방,애월읍 중엄3길 2-1,064-713-0090,"['짜장면 5,500', '짜장밥 6,500', '볶음밥 7,000', '우동 7,000', '짬뽕 7,500', '간짜장 7,500원']"
https://www.jeju.go.kr/files/goodshop/bcc2b12c-2f01-401c-9145-8644b2330ecc.png,토다게스트하우스,동문로 10,064-757-3993,"['6인실 19,000', '4인실 22,000', '2인실 50,000원']"
https://www.jeju.go.kr/files/goodshop/82cc8318-bd1d-4472-aa13-e6cacfe1ab51.png,맠(makk),진남로6길 3,010-9358-7499,"['마카롱1구 2,000', '마카롱6구 10,000', '마카롱9구 15,000원']"
https://www.jeju.go.kr/files/goodshop/964fb4be-3486-4d09-b44a-1e57a5d61c58.png,행복분식,태성로2길 25,064-756-7888,"['멸치국수 5,000', '김치볶음밥 3,500', '치킨마요덮밥 3,500', '미니컵밥 1,500', '우동 5,500원']"
https://www.jeju.go.kr/files/goodshop/a1ab436d-3bc9-4af4-93e5-09ff2f27e005.png,제주사진공방,연신로 78,010-7508-6420,"['증명사진 15,000', '여권사진 15,000', '비자사진 15,000', '프로필사진 50,000', '장수사진 50,000', '4인가족촬영 150,000원']"
https://www.jeju.go.kr/files/goodshop/507218f9-e691-4d85-97d3-d5ab11c84c3f.png,일공팔공(1080)칼국수,서광로13길 3,064-759-1089,"['1080칼국수 7,000', '바지락칼국수 8,000', '닭칼국수 8,000원']"
https://www.jeju.go.kr/files/goodshop/e8ba4af5-4ce4-4d56-a4fb-53a4c79d9b96.png,영락마을회관국수,남성로 165,010-9639-2265,"['고기국수 8,000', '멸치국수 8,000', '비빔고기국수 10,000원']"
https://www.jeju.go.kr/files/goodshop/c99d2224-08cf-47f6-8f2f-2c27d51e5d09.png,해림식당,남성로 12,064-757-7698,"['된장찌개 8,000', '참치찌개 8,000', '순두부 8,000원']"
https://www.jeju.go.kr/files/goodshop/4dbc7e86-1f08-4c6e-bcf9-e041d806fe9d.png,주헤어커커,남성로8길 7,064-756-7545,"['컷트(일반) 10,000', '학생컷 8,000', '드라이 8,000원']"
https://www.jeju.go.kr/files/goodshop/4d4b29e8-aa95-44aa-8a45-ea141e49a281.png,영일크리닝,인다4길 37-7 (수에뇨빌),064-725-0536,"['양복드라이클리닝 8,000', '셔츠 4,000원']"
https://www.jeju.go.kr/files/goodshop/767c5a0a-d34e-4d14-bddd-356d3b5c90de.png,쉼표휴게김밥,번영로 316,0507-1410-1104,"['김밥 2,500', '라면 4,000', '원두커피 1,300원']"
https://www.jeju.go.kr/files/goodshop/a541c74b-cb53-4aba-9a38-e5c086926cfb.png,제주마실게스트하우스,서광로2길 11-16,064-753-0077,"['남자6인실 18,000', '여자6인실 18,000', '더블1인 35,000', '4인가족실 60,000', '3인실 50,000', '2인실 40,000원']"
https://www.jeju.go.kr/files/goodshop/ec4b1d5f-98cc-4e23-b41e-db9888000d8b.png,조은이웃구이집,도령북길 1,064-748-1477,"['돼지고기 오겹살 1인분(200g) 14,000', '돼지고기 목살 1인분(200g) 14,000', '열무국수 4,000원']"
https://www.jeju.go.kr/files/goodshop/3081414e-49f8-48b3-b6e1-e997df17edd9.jpg,JJ노블휘트니스클럽,성신로1길 34 (신동부삼무3차아파트),064-743-1515,"['1일 10,000', '1개월 100,000', '2개월 140,000', '3개월 180,000원']"
https://www.jeju.go.kr/files/goodshop/3a14f0c0-1843-4cb8-9043-292ea9da771d.png,제주도 하숙집 게스트하우스,절물3길 22-4,010-5787-3200,"['6인도미토리(여성전용) 20,000', '6인도미토리(남성전용) 20,000', '2인개인실 50,000', '3인개인실 60,000', '4인개인실 60,000원']"
https://www.jeju.go.kr/files/goodshop/74661ae9-503d-4f15-ba78-9e8ed8d7bb1d.png,베이크,우정로 60,0507-1313-3109,"['아메리카노 2,900', '에그타르트 2,000', '소금빵 2,000원']"
https://www.jeju.go.kr/files/goodshop/dbab5b4c-5789-4eda-8c78-c4ba5a3535d9.png,제이학센,서해안로 232,064-711-8616,"['한치해물토마토파스타 15,000', '딱새우크림파스타 15,000', '흑돼지로제파스타 15,000', '뿔소라오일파스타 15,000', '흑돼지로코모코 15,000', '고르곤졸라또띠아피자 11,000원']"
https://www.jeju.go.kr/files/goodshop/745f9374-3363-4ce4-970f-2df5e8e3dc32.png,남원콩나물국밥,남원읍 일주동로 7147,064-764-7773,"['콩나물국밥 5,500', '김치콩나물국밥 6,000', '순두부찌개 6,000', '황태콩나물국밥 7,000원']"
https://www.jeju.go.kr/files/goodshop/7eada498-37d4-45a9-ac00-e877823698b1.png,투빅커피,남원읍 태위로 684,064-764-1132,"['아메리카노hot 1,500', '아메리카노ICE 1,800', '카페라떼 2,900', '한라봉에이드 3,900', '청귤에이드 3,900', '천혜향스무디 4,200원']"
https://www.jeju.go.kr/files/goodshop/911f18f4-5025-4afd-b0bf-c853dfb066bf.png,낯선하루,성산읍 신양로122번길 30-8,010-2480-1250,"['남성4인도미토리 30,000', '여성4인도미토리 30,000원']"
https://www.jeju.go.kr/files/goodshop/129774ea-6b30-447d-8a58-7cd4b1163fd5.png,성산에오거들랑,성산읍 고성동서로 13-7,064-784-2692,"['2인실 49,000', '3인실 69,000', '4인실 1인가격 20,000', '6인실 1인가격 20,000원']"
https://www.jeju.go.kr/files/goodshop/970b81a0-bdd0-4aa9-9725-0db5f0d0e831.png,부전식당,성산읍 성산중앙로 36,064-782-1033,"['우거지탕 9,000', '돌솥비빔밥 9,000', '갈치국 10,000원']"
https://www.jeju.go.kr/files/goodshop/ffb4bb1e-7d61-4216-8384-fa0a3bf48214.png,해오름식당,성산읍 일출로 260,064-782-2256,"['해오름정식 12,000', '해물뚝배기 13,000', '문어라면 8,000원']"
https://www.jeju.go.kr/files/goodshop/a5cddabc-a666-478e-b301-82f549575c0d.png,블루클리프,표선면 민속해안로 633-6,0507-1494-7782,"['남성도미토리(4인) 20,000', '여성도미토리(4인) 20,000원']"
https://www.jeju.go.kr/files/goodshop/1308cfa0-210b-48bf-90ad-9d8b1ab235ad.png,슬로시티게스트하우스,천지로 33,064-732-1286,"['6인실(1베드) 17,000', '4인실(1베드) 19,000', '1인싱글룸 30,000', '2인더블룸 39,000', '2인벙커 39,000', '3인벙커 49,000원']"
https://www.jeju.go.kr/files/goodshop/b0f77192-d094-4a01-8fce-bdb0d7bef1c9.png,삼겹살파티,문부로 4,064-732-3077,"['제주산생오겹살(200g) 15,000', '제주산두루치기 7,000원']"
https://www.jeju.go.kr/files/goodshop/94099d8c-5426-4b08-8aa3-c43247ff518f.png,낭만팥집,동홍서로96번길 17,0507-1404-9625,"['낭만팥빙수 6,000', '단팥죽 7,000원']"
https://www.jeju.go.kr/files/goodshop/6d53627f-2d47-4026-995b-a11824c51342.png,킹마트분식,천제연로 154-1,064-738-3985,"['순두부찌개 7,000', '된장찌개 7,000원']"
https://www.jeju.go.kr/files/goodshop/a9b6335d-92d5-4b77-b4cd-4b47313bb05f.jpg,산내들,서광로4길 16,064-702-0885,"['정식 8,000', '비빔밥 7,000', '김치찌개 7,000', '갈비탕 8,000원']"
https://www.jeju.go.kr/files/goodshop/c0c7173b-d8fb-4ef1-af00-f6df9bfd0099.png,탐나는식당몸국고사리해장국,하신상로 148,0507-1392-8275,"['몸국 9,000', '고사리해장국 9,000', '흑돼지고기튀김 7,000', '국수사리 1,000원']"
https://www.jeju.go.kr/files/goodshop/455991fa-ce98-4a80-9d13-f1ef951a2958.png,굴무기낭,애월읍 납읍남로2길 6,0507-1484-1370,"['감귤쉰다리에이드 5,000', '쉰다리방 5,000원']"
https://www.jeju.go.kr/files/goodshop/1950dc20-40d5-4215-bae6-05b14654291b.jpg,제주의온도,애월읍 유수암평화길 162,0507-1343-3306,"['포레스트식빵 5,500', '아메리카노 4,500원']"
https://www.jeju.go.kr/files/goodshop/c03793b6-668e-4913-b6a5-47e15a1815c2.jpg,이삼구구,조천읍 신북로 536,0507-1394-2399,"['통정식 9,000', '찌개정식 12,000원']"
https://www.jeju.go.kr/files/goodshop/69ce3b03-6964-44f0-859f-ca2f72951694.jpg,골든와틀,건주로 73,064-723-7073,"['바질페스토파스타 18,000', '전복리조또 19,000', '호주스타일 폭립 40,000', '오지프라이 9,000원']"
https://www.jeju.go.kr/files/goodshop/dafab024-88d0-427d-9bf7-ad4a906181e3.png,오륙도식당,관덕로15길 10,064-758-7440,"['해물뚝배기 9,000', '냉면 7,000원']"
https://www.jeju.go.kr/files/goodshop/2138fd1c-4954-48f6-86bb-f5e8dfc327e0.jpg,설렘주의보,삼봉로2길 62,0507-1376-0308,"['주니어컷 13,000', '클리닉펌 50,000원']"
https://www.jeju.go.kr/files/goodshop/b596feb6-75de-4f9d-a215-71987ca6d2fb.png,농땡이연구소,중앙로 49 (대영빌딩),010-7377-0064,"['숙박 20,000원']"
https://www.jeju.go.kr/files/goodshop/32194868-5e84-44a0-b1cf-74d86eed55aa.png,베지근국수,동문로 6-8,0507-1422-4749,"['비빔국수 8,000', '고기국수 8,000원']"
https://www.jeju.go.kr/files/goodshop/77ae36b5-1635-4205-be73-11b3957b9ffb.jpg,피크닉메이트,아란4길 84,0507-1488-8201,"['린넨피크닉세트 29,000', '비치피크닉세트 29,000', '네추럴테이블피크닉세트 39,000', '폴라로이드카메라대여 15,000원']"
https://www.jeju.go.kr/files/goodshop/3e805f83-38d2-4564-9bee-c32e763b40bf.png,제주 난장,중앙로5길 13,0507-1318-0640,"['1인실 30,000', '2인실 25,000원']"
https://www.jeju.go.kr/files/goodshop/0d363b83-aa1d-41c5-b12a-286dcdcef5ce.jpg,은혜중화요리,인다2길 20,064-723-0919,"['자장면 6,000', '짬뽕 8,000', '미니탕수육 12,000', '볶음밥 8,000원']"
https://www.jeju.go.kr/files/goodshop/30c99c20-05d4-44c0-abc8-fa592696dcb6.png,동문시장고기국수 금복식당,동문로 16,064-757-6055,"['고기국수 8,000', '멸치국수 6,000', '비빔국수 7,000원']"
https://www.jeju.go.kr/files/goodshop/2cc426d6-91c4-49a6-89c6-2f092fe6c977.png,반월,신성로 105,0507-1432-0585,"['흑돼지반월모둠카츠 14,500', '흑돼지안심카츠 11,000', '흑돼지특등심카츠 10,500', '카츠동 9,500', '매콤크림짬뽕 10,500', '빨간나가사키짬뽕 9,500원']"
https://www.jeju.go.kr/files/goodshop/f4a7840b-7225-4b20-8057-28f834582afb.png,마모루,광양13길 10-1 (드림주택),0507-1404-4303,"['돈코츠라멘 8,000', '부타동 8,000', '규동 8,000', '가츠동 8,000', '히야시라멘 8,500', '돈카츠카레라이스 8,500원']"
https://www.jeju.go.kr/files/goodshop/0f80de81-693d-437e-b991-7ada37472b1a.png,국수장터,동광로 50-1,064-755-7080,"['멸치국수 7,000', '고기국수 8,000', '순대국밥 8,000원']"
https://www.jeju.go.kr/files/goodshop/f314b177-92a0-4f16-ac35-a9d8c2a21121.jpg,색달가든깐부고깃집,오복3길 20,064-751-4884,"['된장찌개 5,000', '김치찌개 5,000원']"
https://www.jeju.go.kr/files/goodshop/ed267eaf-3a50-4a13-8ab0-720f562ff695.png,백년손님,중앙로 270-1 (백두빌딩),0507-1362-7207,"['한우소고기 해장국 5,900', '한우우거지국밥 5,900', '돼지양념갈비(350g) 15,000', '해장국/우거지 한우 떡갈비 세트 10,000', '해장국/우거지 한우 불고기 세트 10,000', '불고기 냉면 세트 10,000원']"
https://www.jeju.go.kr/files/goodshop/0c371293-f986-405c-b74d-780bd6bc3041.jpg,더오크라호텔,신광로4길 38,064-742-2300,"['스탠다드더블 40,000', '디럭스더블 45,000', '디럭스트윈 51,000', '디럭스시네마트윈 59,000원']"
https://www.jeju.go.kr/files/goodshop/fbb27fa0-6f2b-46b5-a625-2704e8ca48af.jpg,다마내기,원노형로 26 (서림빌딩),064-747-0618,"['당구 10분 1,700원']"
https://www.jeju.go.kr/files/goodshop/1eb538ab-a340-46ca-b12e-d5b52aa6d90b.jpg,돗괴기에쐬주,다랑곶2길 27,0507-1446-0278,"['고소한 제주산 16,000', '담백한 수입산 13,000원']"
https://www.jeju.go.kr/files/goodshop/7f5a8ada-4f11-46ad-aa6c-7db3c94abf50.jpg,맛소(맛있는소리),원노형5길 5,064-742-0455,"['멸치국수 6,000', '볶음밥 7,000', '검은콩국수 8,000원']"
https://www.jeju.go.kr/files/goodshop/fa88146c-328f-4258-946a-cf907e593ada.jpg,소문난두루치기,우정로 17 (제웅1차솔내음빌리지),064-747-7478,"['두루치기 9,000', '쭈꾸미두루치기 10,000원']"
https://www.jeju.go.kr/files/goodshop/4ea0d5f8-5806-44cc-ba82-4b14e7c6105a.jpg,외도우렁이쌈밥,우정로13길 9,064-712-2347,"['고등어구이쌈밥 9,000', '돼지주물럭쌈밥 10,000', '메밀뼈국 8,000원']"
https://www.jeju.go.kr/files/goodshop/bd33efdc-45ac-4344-9888-368267978d93.png,불당골,서광로16길 11,064-721-5413,"['황태해장국 9,000', '순두부 8,000', '사골해장국 9,000원']"
https://www.jeju.go.kr/files/goodshop/0865d303-5789-4783-93d5-bbc35678378d.png,탑아일랜드호텔,용남1길 47,010-7524-6337,"['디럭스더블 39,000', '디럭스트윈 45,000', '패밀리트윈 65,000원']"
https://www.jeju.go.kr/files/goodshop/2c379461-d481-42ee-a80f-b5c81efd7d7d.png,양식당,성화로5길 5,0507-1484-2234,"['알리오올리오 11,000', '베이컨크림파스타 13,000', '토마토파스타 13,000원']"
https://www.jeju.go.kr/files/goodshop/2b70c4da-4359-4d0e-90b2-75c4e5fe88b4.png,오므라이씨,용문로 144-1,0507-1351-5651,"['베이컨듬뿍 크림파스타 10,000', '새우듬뿍 크림파스타 10,000원']"
https://www.jeju.go.kr/files/goodshop/6e54bd45-cd15-4f48-8e98-d3bb298e4a95.jpg,도남오거리식당 외도점,우정로7길 26-3,064-743-9255,"['식사김치찌개 6,000', '돼지양념갈비 14,000', '돼지오겹살 14,000원']"
https://www.jeju.go.kr/files/goodshop/f2d0624b-dbc8-44b1-a0a5-3560a3ffbb54.jpg,몽돌,우정로5길 10,064-745-2877,"['돼지꼬리 19,000', '꼬들살 18,000', '목살 15,000', '오겹살 15,000', '돼지모듬 48,000원']"
https://www.jeju.go.kr/files/goodshop/f0565521-de4a-4277-9f73-2754d788ee47.jpg,매콤명태촌,절물3길 7,064-743-6868,"['황태해장국 8,000', '갈치조림 13,000원']"
https://www.jeju.go.kr/files/goodshop/f1c8daca-72b3-42fe-bbe1-7df0ee1a7a9b.jpg,빅토리아,서해안로 268,010-3690-3985,"['아메리카노 2,500', '아이스아메리카노 2,500', '카페라떼 2,500', '유자차 3,000', '레몬차 3,000', '생강차 3,000원']"
https://www.jeju.go.kr/files/goodshop/fc85a1ad-0e05-488a-9690-aa29d0cba06f.jpg,양혜정의만능장,도공로 25-1,010-4699-4427,"['전복장정식 15,000', '새우장정식 14,000원']"
https://www.jeju.go.kr/files/goodshop/38ace3c0-1dfa-4b8d-94fb-973137a6dae2.jpg,만배식당,도두항길 4-4,064-711-1024,"['김치찌개 6,000', '된장찌개 6,000', '멸치국수 6,000', '야채비빔밥 6,000원']"
https://www.jeju.go.kr/files/goodshop/e29dbb66-a411-40b6-bcb1-9a79010746eb.jpg,고죽면제주공항점,서해안로 155,064-747-1585,"['닭칼국수 8,000', '버섯칼국수 8,000', '바지락칼국수 8,000', '소고기만두칼국수 8,000원']"
https://www.jeju.go.kr/files/goodshop/feee47b2-f9a6-48f5-aa01-90ba2762fde2.jpg,진영루,도두항서7길 13,064-743-8811,"['자장면 5,000', '볶음밥 6,000원']"
https://www.jeju.go.kr/files/goodshop/84d6a553-d95b-4fb6-a357-b6a6e6c97122.jpg,산드레,다호5길 10,064-712-6248,"['한식뷔페(대인) 8,000', '한식뷔페(소인) 7,000원']"
https://www.jeju.go.kr/files/goodshop/c5bb95be-40c6-4384-a73f-a3f7c58a76e7.jpg,밥먹엉갑써,동홍북로 74,064-733-3263,"['정식 9,000', '우거지해장국 7,000', '육개장 7,000원']"
https://www.jeju.go.kr/files/goodshop/e97bdf19-63ac-4f33-9d8b-17060ff36115.jpg,제쭈,중산간동로 7936,064-733-5878,"['유부우동 5,800', '쭈꾸미덮밥 7,800', '열무냉국수 5,800', '불고기덮밥 7,800원']"
https://www.jeju.go.kr/files/goodshop/ffa75a78-0b98-44af-889e-79504fd28379.jpg,미리네국수,중앙로101번길 17,0507-1353-4996,"['고기국수 8,000', '멸치국수 7,000', '국밥 6,000', '돔베고기(소) 15,000', '돔베고기(대) 18,000원']"
https://www.jeju.go.kr/files/goodshop/6bb99293-2e36-4c9a-a6b4-1bd34db823bc.jpg,감미롭다제주,막동산로 8-3,0507-1337-0728,"['유기농현미채소버섯비빔밥 10,000', '현미면간장기름국수 10,000', '현미면비빔국수 10,000원']"
https://www.jeju.go.kr/files/goodshop/c0f3012a-8824-4247-8a9e-9e02eba602be.jpg,동호갈비,중문상로 41,0507-1434-1434,"['흑돼지오겹살 23,000', '생갈비 22,000', '양념갈비 18,000', '갈비탕 12,000원']"
https://www.jeju.go.kr/files/goodshop/0ffcb550-ec9b-4510-abe8-3fd6dafa0a7b.jpg,상하이예래점,예래로 436-1,064-738-5590,"['자장면 6,000', '짬뽕 7,000', '우동 7,000', '탕수육 17,000원']"
https://www.jeju.go.kr/files/goodshop/773752d1-e8fc-43da-b49e-b9fdbf71cdde.jpg,오아시스,신서귀로 42 (오아시스),064-739-2292,"['수제돈까스 10,000', '돌솥비빔밥 10,000원']"
https://www.jeju.go.kr/files/goodshop/72243d8b-04f9-4816-8424-79bed7e71199.png,비양도식당,한림읍 한림로 167,010-5561-0081,"['우럭조림(대) 50,000 갈치조림(대) 50,000 성게국 13,000']"
https://www.jeju.go.kr/files/goodshop/d269c0c4-86bf-4d7e-a65f-514fd841a14b.png,시니어손맛아리랑,동광로2길 7,010-6408-3157,"['할망순두부(순한맛,매운맛) 8,000 비빔밥 8,000']"
https://www.jeju.go.kr/files/goodshop/a1281e45-c64a-48e9-a93c-fe8b60c44ec0.jpg,제주콩순옥,대정읍 신영로 129-2,010-4568-8668,"['두부전골 35,000 갈비찜 35,000 갈비찜정식 13,000']"
https://www.jeju.go.kr/files/goodshop/844e0040-959a-404b-9286-a455d991f4ab.jpg,차이나마씸,칠십리로 474,010-3100-3759,"['짜장 6,000 짬뽕 8,000']"
https://www.jeju.go.kr/files/goodshop/494bebbc-817d-4112-a0f7-0890b7b1fe00.png,청춘테이블,동문로 89,010-7167-1776,"['김치찌개 8,000 된장찌개 8,000']"
https://www.jeju.go.kr/files/goodshop/e593abe2-147f-42a8-863b-1fb1e22e60ef.jpg,메로식당,중정로91번길 16 (은성여관),010-4021-1944,"['메로매운탕 9,000 메로지리 9,000 메로조림(소) 25,000 메로조림(대) 35,000']"
